"years","sales","promotion_value","burn_rate_(%)"
2020,187381,1103.5572710115625,0.59
2019,610883,3569.018681431999,0.58
2018,534597,2987.0850234170266,0.56
2017,217859,1953.0753209150396,0.90
2016,44637,342.0865304965033,0.77
