"sales2016","sales2017","sales2018","sales2019","sales2020","category","2017_growth_sales_(%)","2018_growth_sales_(%)","2019_growth_sales_(%)","2020_growth_sales_(%)"
11405.703407487425,58111.82143155698,141979.5137607121,168681.81585237663,49439.86704312493,"Gadget",80,59,16,-241.0
13527.76710713882,62759.97202945766,145227.09244631432,171948.29962503683,53372.832761902006,"Widget",78,57,16,-222.0
10605.10169979103,51497.39158647027,144348.50918353678,152942.27082898992,45596.436910541655,"Gizmo",79,64,6,-235.0
9102.40350394935,45468.30325614902,103039.59524457777,117281.71965218819,38991.70782875337,"Doohickey",80,56,12,-201.0
